Vigente desde,Contacto,Cambio,Zona anterior,Zona nueva
2026-09-29,"Bella Piel S.A.S., Bella Piel Palmetto Plaza 134 (TC)",cambio de zona,Zona Norte,Zona Sur
2026-10-01,"Bella Piel S.A.S., Bella Piel C.C Granada Meta (ZG)",cambio de zona,Zona Norte,Zona Sur
2026-10-01,"Bella Piel S.A.S., Bella Piel C.C. Primavera Urbana (VP)",cambio de zona,Zona Norte,Zona Sur
2026-10-01,"Bella Piel S.A.S., Bella Piel C.C. Unicentro Villavicencio (VU)",cambio de zona,Zona Norte,Zona Sur
2026-10-01,"Bella Piel S.A.S., Bella Piel C.C. Viva Villavicencio (VB)",cambio de zona,Zona Norte,Zona Sur
2026-10-01,Dermatology S.A.S.,cambio de zona,Zona Norte,Zona Sur
2026-10-01,"Dermomedic Health, Carlos David Garcia Gomez",cambio de zona,Zona Norte,Zona Sur
2026-10-01,Gustavo Adolfo Perez Ruiz,cambio de zona,Zona Norte,Zona Sur
2026-10-01,Mas Piel LTDA,cambio de zona,Zona Norte,Zona Sur
2026-10-01,Pedro Florez,cambio de zona,Zona Norte,Zona Sur
2026-10-01,Pharma Fit Drogueria y Mini Market S.A.S,cambio de zona,Zona Norte,Zona Sur
2026-10-01,Rafael Humberto  Rivera Villamil,cambio de zona,Zona Norte,Zona Sur
2026-10-01,Sandra Espinosa,cambio de zona,Zona Norte,Zona Sur
2026-10-01,Sugey Rico,cambio de zona,Zona Norte,Zona Sur
2026-10-01,Aesthetic One S.A.S.,cambio de zona,Zona Sur,Zona Desarrollo
2026-10-01,"Bella Piel S.A.S., Bella Piel C.C Buenavista (MN)",cambio de zona,Zona Norte,Zona Desarrollo
2026-10-01,"Bella Piel S.A.S., Bella Piel C.C City Medica (MX)",cambio de zona,Zona Norte,Zona Desarrollo
2026-10-01,"Bella Piel S.A.S., Bella Piel C.C Gran Plaza el Sol (BS)",cambio de zona,Zona Norte,Zona Desarrollo
2026-10-01,"Bella Piel S.A.S., Bella Piel C.C La Casona Ph (CZ)",cambio de zona,Zona Norte,Zona Desarrollo
2026-10-01,"Bella Piel S.A.S., Bella Piel C.C Puerta del Norte (MH)",cambio de zona,Zona Norte,Zona Desarrollo
2026-10-01,"Bella Piel S.A.S., Bella Piel C.C San Nicolas (MQ)",cambio de zona,Zona Norte,Zona Desarrollo
2026-10-01,"Bella Piel S.A.S., Bella Piel C.C Unicentro Pasto (PU)",cambio de zona,Zona Sur,Zona Desarrollo
2026-10-01,"Bella Piel S.A.S., Bella Piel C.C Viva la Ceja (AL)",cambio de zona,Zona Norte,Zona Desarrollo
2026-10-01,"Bella Piel S.A.S., Bella Piel C.C Viva Wajira (VG)",cambio de zona,Zona Norte,Zona Desarrollo
2026-10-01,"Bella Piel S.A.S., Bella Piel C.C. Buenavista (BU)",cambio de zona,Zona Norte,Zona Desarrollo
2026-10-01,"Bella Piel S.A.S., Bella Piel C.C. Ecoplaza (EC)",cambio de zona,Zona Sur,Zona Desarrollo
2026-10-01,"Bella Piel S.A.S., Bella Piel C.C. Fundadores (FM)",cambio de zona,Zona Sur,Zona Desarrollo
2026-10-01,"Bella Piel S.A.S., Bella Piel C.C. Gran Plaza - La Libertad (FP)",cambio de zona,Zona Sur,Zona Desarrollo
2026-10-01,"Bella Piel S.A.S., Bella Piel C.C. Mall Plaza Buenavista (BA)",cambio de zona,Zona Norte,Zona Desarrollo
2026-10-01,"Bella Piel S.A.S., Bella Piel C.C. Nuestro Cartago (NC)",cambio de zona,Zona Sur,Zona Desarrollo
2026-10-01,"Bella Piel S.A.S., Bella Piel C.C. Parque Alegra (BL)",cambio de zona,Zona Norte,Zona Desarrollo
2026-10-01,"Bella Piel S.A.S., Bella Piel C.C. Plaza Mayor (BP)",cambio de zona,Zona Norte,Zona Desarrollo
2026-10-01,"Bella Piel S.A.S., Bella Piel C.C. Suchiima (RS)",cambio de zona,Zona Norte,Zona Desarrollo
2026-10-01,"Bella Piel S.A.S., Bella Piel C.C. Unicentro Tunja (UT)",cambio de zona,Zona Sur,Zona Desarrollo
2026-10-01,"Bella Piel S.A.S., Bella Piel C.C. Viva Barranquilla (BI)",cambio de zona,Zona Norte,Zona Desarrollo
2026-10-01,"Bella Piel S.A.S., Bella Piel C.C. Viva Tunja (VT)",cambio de zona,Zona Sur,Zona Desarrollo
2026-10-01,"Bella Piel S.A.S., Bella Piel Clinica Porto Azul (BJ)",cambio de zona,Zona Norte,Zona Desarrollo
2026-10-01,"Bella Piel S.A.S., Bella Piel Edificio Colon Corporacion Medico Empresarial PH- Las Nieves (CT)",cambio de zona,Zona Sur,Zona Desarrollo
2026-10-01,"Bella Piel S.A.S., Bella Piel Mall Plaza Manizales (PM)",cambio de zona,Zona Sur,Zona Desarrollo
2026-10-01,"Bella Piel S.A.S., Bella Piel Micentro Funza PH (FZ)",cambio de zona,Zona Norte,Zona Desarrollo
2026-10-01,"Bella Piel S.A.S., Bella Piel Parque Comercial Guacarí Sincelejo (GS)",cambio de zona,Zona Norte,Zona Desarrollo
2026-10-01,"Bella Piel S.A.S., Bella Piel San Nicolas 2369 (MW)",cambio de zona,Zona Norte,Zona Desarrollo
2026-10-01,"Bella Piel S.A.S., Bella Piel Supercentro Tulua la 14 (TS)",cambio de zona,Zona Sur,Zona Desarrollo
2026-10-01,Boston Medical Group de Colombia S.A.S.,cambio de zona,Zona Sur,Zona Desarrollo
2026-10-01,Centro Medico de Especialistas Dermaplast S.A.S.,cambio de zona,Zona Norte,Zona Desarrollo
2026-10-01,Cintia Lorena Gutierrez Cuyato,cambio de zona,Zona Sur,Zona Desarrollo
2026-10-01,Clinica de Estetica Dermoestetic I.P.S. S.A.S.,cambio de zona,Zona Sur,Zona Desarrollo
2026-10-01,Clinica Estetica Tu Cuerpo en Armonia IPS S.A.S.,cambio de zona,Zona Sur,Zona Desarrollo
2026-10-01,"Consultorio Medical Care, Edinson Andres Sanchez Preciado",cambio de zona,Zona Sur,Zona Desarrollo
2026-10-01,"Corpo Estetica Global, Diana Paola Larrota Talero",cambio de zona,Zona Sur,Zona Desarrollo
2026-10-01,Derma Spa Skin Clinic S.A.S.,cambio de zona,Zona Norte,Zona Desarrollo
2026-10-01,Dermavitta S.A.S.,cambio de zona,Zona Sur,Zona Desarrollo
2026-10-01,Edgar Yarleyson Cossio Contrera,cambio de zona,Zona Sur,Zona Desarrollo
2026-10-01,Elizabeth Cortes Muñoz,cambio de zona,Zona Norte,Zona Desarrollo
2026-10-01,Envipharma S.A.S.,cambio de zona,Zona Sur,Zona Desarrollo
2026-10-01,"Farmacia Institucional S.A.S., Farmacia Institucional Barranquilla",cambio de zona,Zona Norte,Zona Desarrollo
2026-10-01,Farmadescuentos Co S.A.S,cambio de zona,Zona Sur,Zona Desarrollo
2026-10-01,Flor Marina Camargo Yate,cambio de zona,Zona Sur,Zona Desarrollo
2026-10-01,"La Botica de la Piel Ltda, Botica de la Piel C.C. Nuestro Cartago",cambio de zona,Zona Sur,Zona Desarrollo
2026-10-01,"Laskin S.A., Laskin Buga",cambio de zona,Zona Sur,Zona Desarrollo
2026-10-01,Luz Angela Quiñonez Sanchez,cambio de zona,Zona Sur,Zona Desarrollo
2026-10-01,L´Essence Clinique S.A.S.,cambio de zona,Zona Norte,Zona Desarrollo
2026-10-01,"Magispiel, Carlos Felipe Palacio Alba",cambio de zona,Zona Sur,Zona Desarrollo
2026-10-01,Manos Maestras LTDA,cambio de zona,Zona Norte,Zona Desarrollo
2026-10-01,"Minimarket y Drogueria J Mario, Angie Julieth Restrepo Perez",cambio de zona,Zona Sur,Zona Desarrollo
2026-10-01,Multifarmaceutica S.A.S.,cambio de zona,Zona Sur,Zona Desarrollo
2026-10-01,"Nova lup, Karen Viviana Rojas Chala",cambio de zona,Zona Sur,Zona Desarrollo
2026-10-01,Pharmaplus S.A.S.,cambio de zona,Zona Sur,Zona Desarrollo
2026-10-01,"Piel Sana, Daniel Granados Alberto Hernandez",cambio de zona,Zona Norte,Zona Desarrollo
2026-10-01,Sandra Janeth Cerquera,cambio de zona,Zona Sur,Zona Desarrollo
2026-10-01,Sceutic Lab S.A.S.,cambio de zona,Zona Norte,Zona Desarrollo
2026-10-01,Skinfarma S.A.S.,cambio de zona,Zona Norte,Zona Desarrollo
2026-10-01,Yelenca Ortega Zamora,cambio de zona,Zona Sur,Zona Desarrollo
